Handle,Title,Body (HTML),Vendor,Product Category,Type,Tags,Published,Option1 Name,Option1 Value,Option2 Name,Option2 Value,Option3 Name,Option3 Value,Variant SKU,Variant Grams,Variant Inventory Tracker,Variant Inventory Qty,Variant Inventory Policy,Variant Fulfillment Service,Variant Price,Variant Compare At Price,Variant Requires Shipping,Variant Taxable,Variant Barcode,Image Src,Image Position,Image Alt Text,Gift Card,SEO Title,SEO Description,Google Shopping / Google Product Category,Google Shopping / Gender,Google Shopping / Age Group,Google Shopping / MPN,Google Shopping / Condition,Google Shopping / Custom Product,Variant Image,Variant Weight Unit,Variant Tax Code,Cost per item,Included / United States,Price / United States,Compare At Price / United States,Included / International,Price / International,Compare At Price / International,Status
modagen-kadin-v-yaka-rahat-kalip-yazlik-elbise,MODAGEN Kadın V Yaka Rahat Kalıp Yazlık Elbise,"<p>MODAGEN Kadın V Yaka Rahat Kalıp Yazlık Elbise</p>
<p>MODAGEN Kadın V Yaka Rahat Kalıp Yazlık Elbise yorumlarını inceleyin Trendyol a özel indirimli fiyata satın alın.</p>
<p>Ürün Özellikleri:</p><ul><li>Kumaş Tipi: Dokuma</li><li>Materyal: Dokuma</li><li>Kol Tipi: Kolsuz</li><li>Desen: Düz</li><li>Kalıp: Slim Fit</li><li>Renk: Yeşil</li><li>Yaka Tipi: V Yaka</li><li>Kol Boyu: Uzun</li><li>Cep: Cepsiz</li><li>Koleksiyon: Zarif</li></ul>",MODAGEN,Apparel & Accessories > Clothing,Apparel & Accessories,"MODAGEN,Clothing,Dress,Fashion,Yeşil,Elbise,Kumaş Tipi: Dokuma,Materyal: Dokuma,Kol Tipi: Kolsuz,Desen: Düz,Kalıp: Slim Fit,Renk: Yeşil,Yaka Tipi: V Yaka,Kol Boyu: Uzun,Cep: Cepsiz",TRUE,Color,siyah,Size,S,,,modagen-kadin-v-yaka-rahat-kalip-yazlik-elbise-siyah-S,145,shopify,10,deny,manual,467.05,,TRUE,TRUE,,https://cdn.dsmcdn.com/ty1245/product/media/images/prod/SPM/PIM/20240407/10/896d4a23-8353-3e64-bb3a-60607bdd3f1a/1_org.jpg,1,MODAGEN Kadın V Yaka Rahat Kalıp Yazlık Elbise,FALSE,MODAGEN Kadın V Yaka Rahat Kalıp Yazlık Elbise,"MODAGEN Kadın V Yaka Rahat Kalıp Yazlık Elbise yorumlarını inceleyin, Trendyol'a özel indirimli fiyata satın alın.",212,unisex,adult,MODAGEN,new,TRUE,https://cdn.dsmcdn.com/ty1245/product/media/images/prod/SPM/PIM/20240407/10/896d4a23-8353-3e64-bb3a-60607bdd3f1a/1_org.jpg,g,,,TRUE,,,TRUE,,,active
modagen-kadin-v-yaka-rahat-kalip-yazlik-elbise,,,,,,,,,,,,,,,,,,,,,,,,,https://cdn.dsmcdn.com/ty1247/product/media/images/prod/SPM/PIM/20240407/10/83cdf567-5017-3506-b79c-9f4af812d142/1_org.jpg,2,MODAGEN Kadın V Yaka Rahat Kalıp Yazlık Elbise - Görsel 2,,,,,,,,,,,,,,,,,,,,
modagen-kadin-v-yaka-rahat-kalip-yazlik-elbise,,,,,,,,,,,,,,,,,,,,,,,,,https://cdn.dsmcdn.com/ty1247/product/media/images/prod/SPM/PIM/20240407/10/512f97a4-728b-3ba1-8692-2123dd423e39/1_org.jpg,3,MODAGEN Kadın V Yaka Rahat Kalıp Yazlık Elbise - Görsel 3,,,,,,,,,,,,,,,,,,,,
modagen-kadin-v-yaka-rahat-kalip-yazlik-elbise,,,,,,,,,,,,,,,,,,,,,,,,,https://cdn.dsmcdn.com/ty1246/product/media/images/prod/SPM/PIM/20240407/10/69769037-d017-39af-8b0d-be898f436498/1_org.jpg,4,MODAGEN Kadın V Yaka Rahat Kalıp Yazlık Elbise - Görsel 4,,,,,,,,,,,,,,,,,,,,
modagen-kadin-v-yaka-rahat-kalip-yazlik-elbise,,,,,,,,,,,,,,,,,,,,,,,,,https://cdn.dsmcdn.com/ty1246/product/media/images/prod/SPM/PIM/20240407/10/095c075c-8951-3a8a-a1dc-f741848b6f95/1_org.jpg,5,MODAGEN Kadın V Yaka Rahat Kalıp Yazlık Elbise - Görsel 5,,,,,,,,,,,,,,,,,,,,
modagen-kadin-v-yaka-rahat-kalip-yazlik-elbise,,,,,,,,,,,,,,,,,,,,,,,,,https://cdn.dsmcdn.com/ty1247/product/media/images/prod/SPM/PIM/20240407/10/da8c8299-b174-3ae2-ae57-b2a4f8d2ef8b/1_org.jpg,6,MODAGEN Kadın V Yaka Rahat Kalıp Yazlık Elbise - Görsel 6,,,,,,,,,,,,,,,,,,,,
modagen-kadin-v-yaka-rahat-kalip-yazlik-elbise,,,,,,,,,,,,,,,,,,,,,,,,,https://cdn.dsmcdn.com/ty1247/product/media/images/prod/SPM/PIM/20240407/10/ab30b435-6f2a-3642-9ec7-bf7c7182c3b4/1_org.jpg,7,MODAGEN Kadın V Yaka Rahat Kalıp Yazlık Elbise - Görsel 7,,,,,,,,,,,,,,,,,,,,
modagen-kadin-v-yaka-rahat-kalip-yazlik-elbise,,,,,,,,,,,,,,,,,,,,,,,,,https://cdn.dsmcdn.com/ty1246/product/media/images/prod/SPM/PIM/20240407/10/b3b47c3d-77eb-3c81-b625-c3e05e944e39/1_org.jpg,8,MODAGEN Kadın V Yaka Rahat Kalıp Yazlık Elbise - Görsel 8,,,,,,,,,,,,,,,,,,,,
modagen-kadin-v-yaka-rahat-kalip-yazlik-elbise,,,,,,,,,,,,,,,,,,,,,,,,,https://cdn.dsmcdn.com/ty1247/product/media/images/prod/SPM/PIM/20240407/10/d4a6b25d-5a6a-371d-97e3-4c04769d573a/1_org.jpg,9,MODAGEN Kadın V Yaka Rahat Kalıp Yazlık Elbise - Görsel 9,,,,,,,,,,,,,,,,,,,,
modagen-kadin-v-yaka-rahat-kalip-yazlik-elbise,,,,,,,,,siyah,,M,,,modagen-kadin-v-yaka-rahat-kalip-yazlik-elbise-siyah-M,145,shopify,10,deny,manual,467.05,,TRUE,TRUE,,,,,,,,,,,,,,https://cdn.dsmcdn.com/ty1245/product/media/images/prod/SPM/PIM/20240407/10/896d4a23-8353-3e64-bb3a-60607bdd3f1a/1_org.jpg,g,,,,,,,,,
modagen-kadin-v-yaka-rahat-kalip-yazlik-elbise,,,,,,,,,siyah,,L,,,modagen-kadin-v-yaka-rahat-kalip-yazlik-elbise-siyah-L,145,shopify,10,deny,manual,467.05,,TRUE,TRUE,,,,,,,,,,,,,,https://cdn.dsmcdn.com/ty1245/product/media/images/prod/SPM/PIM/20240407/10/896d4a23-8353-3e64-bb3a-60607bdd3f1a/1_org.jpg,g,,,,,,,,,
modagen-kadin-v-yaka-rahat-kalip-yazlik-elbise,,,,,,,,,siyah,,XL,,,modagen-kadin-v-yaka-rahat-kalip-yazlik-elbise-siyah-XL,145,shopify,10,deny,manual,467.05,,TRUE,TRUE,,,,,,,,,,,,,,https://cdn.dsmcdn.com/ty1245/product/media/images/prod/SPM/PIM/20240407/10/896d4a23-8353-3e64-bb3a-60607bdd3f1a/1_org.jpg,g,,,,,,,,,
modagen-kadin-v-yaka-rahat-kalip-yazlik-elbise,,,,,,,,,kahverengi,,S,,,modagen-kadin-v-yaka-rahat-kalip-yazlik-elbise-kahverengi-S,145,shopify,10,deny,manual,467.05,,TRUE,TRUE,,,,,,,,,,,,,,https://cdn.dsmcdn.com/ty1245/product/media/images/prod/SPM/PIM/20240407/10/896d4a23-8353-3e64-bb3a-60607bdd3f1a/1_org.jpg,g,,,,,,,,,
modagen-kadin-v-yaka-rahat-kalip-yazlik-elbise,,,,,,,,,kahverengi,,M,,,modagen-kadin-v-yaka-rahat-kalip-yazlik-elbise-kahverengi-M,145,shopify,10,deny,manual,467.05,,TRUE,TRUE,,,,,,,,,,,,,,https://cdn.dsmcdn.com/ty1245/product/media/images/prod/SPM/PIM/20240407/10/896d4a23-8353-3e64-bb3a-60607bdd3f1a/1_org.jpg,g,,,,,,,,,
modagen-kadin-v-yaka-rahat-kalip-yazlik-elbise,,,,,,,,,kahverengi,,L,,,modagen-kadin-v-yaka-rahat-kalip-yazlik-elbise-kahverengi-L,145,shopify,10,deny,manual,467.05,,TRUE,TRUE,,,,,,,,,,,,,,https://cdn.dsmcdn.com/ty1245/product/media/images/prod/SPM/PIM/20240407/10/896d4a23-8353-3e64-bb3a-60607bdd3f1a/1_org.jpg,g,,,,,,,,,
modagen-kadin-v-yaka-rahat-kalip-yazlik-elbise,,,,,,,,,kahverengi,,XL,,,modagen-kadin-v-yaka-rahat-kalip-yazlik-elbise-kahverengi-XL,145,shopify,10,deny,manual,467.05,,TRUE,TRUE,,,,,,,,,,,,,,https://cdn.dsmcdn.com/ty1245/product/media/images/prod/SPM/PIM/20240407/10/896d4a23-8353-3e64-bb3a-60607bdd3f1a/1_org.jpg,g,,,,,,,,,
modagen-kadin-v-yaka-rahat-kalip-yazlik-elbise,,,,,,,,,pembe,,S,,,modagen-kadin-v-yaka-rahat-kalip-yazlik-elbise-pembe-S,145,shopify,10,deny,manual,467.05,,TRUE,TRUE,,,,,,,,,,,,,,https://cdn.dsmcdn.com/ty1245/product/media/images/prod/SPM/PIM/20240407/10/896d4a23-8353-3e64-bb3a-60607bdd3f1a/1_org.jpg,g,,,,,,,,,
modagen-kadin-v-yaka-rahat-kalip-yazlik-elbise,,,,,,,,,pembe,,M,,,modagen-kadin-v-yaka-rahat-kalip-yazlik-elbise-pembe-M,145,shopify,10,deny,manual,467.05,,TRUE,TRUE,,,,,,,,,,,,,,https://cdn.dsmcdn.com/ty1245/product/media/images/prod/SPM/PIM/20240407/10/896d4a23-8353-3e64-bb3a-60607bdd3f1a/1_org.jpg,g,,,,,,,,,
modagen-kadin-v-yaka-rahat-kalip-yazlik-elbise,,,,,,,,,pembe,,L,,,modagen-kadin-v-yaka-rahat-kalip-yazlik-elbise-pembe-L,145,shopify,10,deny,manual,467.05,,TRUE,TRUE,,,,,,,,,,,,,,https://cdn.dsmcdn.com/ty1245/product/media/images/prod/SPM/PIM/20240407/10/896d4a23-8353-3e64-bb3a-60607bdd3f1a/1_org.jpg,g,,,,,,,,,
modagen-kadin-v-yaka-rahat-kalip-yazlik-elbise,,,,,,,,,pembe,,XL,,,modagen-kadin-v-yaka-rahat-kalip-yazlik-elbise-pembe-XL,145,shopify,10,deny,manual,467.05,,TRUE,TRUE,,,,,,,,,,,,,,https://cdn.dsmcdn.com/ty1245/product/media/images/prod/SPM/PIM/20240407/10/896d4a23-8353-3e64-bb3a-60607bdd3f1a/1_org.jpg,g,,,,,,,,,
modagen-kadin-v-yaka-rahat-kalip-yazlik-elbise,,,,,,,,,bej,,S,,,modagen-kadin-v-yaka-rahat-kalip-yazlik-elbise-bej-S,145,shopify,10,deny,manual,467.05,,TRUE,TRUE,,,,,,,,,,,,,,https://cdn.dsmcdn.com/ty1245/product/media/images/prod/SPM/PIM/20240407/10/896d4a23-8353-3e64-bb3a-60607bdd3f1a/1_org.jpg,g,,,,,,,,,
modagen-kadin-v-yaka-rahat-kalip-yazlik-elbise,,,,,,,,,bej,,M,,,modagen-kadin-v-yaka-rahat-kalip-yazlik-elbise-bej-M,145,shopify,10,deny,manual,467.05,,TRUE,TRUE,,,,,,,,,,,,,,https://cdn.dsmcdn.com/ty1245/product/media/images/prod/SPM/PIM/20240407/10/896d4a23-8353-3e64-bb3a-60607bdd3f1a/1_org.jpg,g,,,,,,,,,
modagen-kadin-v-yaka-rahat-kalip-yazlik-elbise,,,,,,,,,bej,,L,,,modagen-kadin-v-yaka-rahat-kalip-yazlik-elbise-bej-L,145,shopify,10,deny,manual,467.05,,TRUE,TRUE,,,,,,,,,,,,,,https://cdn.dsmcdn.com/ty1245/product/media/images/prod/SPM/PIM/20240407/10/896d4a23-8353-3e64-bb3a-60607bdd3f1a/1_org.jpg,g,,,,,,,,,
modagen-kadin-v-yaka-rahat-kalip-yazlik-elbise,,,,,,,,,bej,,XL,,,modagen-kadin-v-yaka-rahat-kalip-yazlik-elbise-bej-XL,145,shopify,10,deny,manual,467.05,,TRUE,TRUE,,,,,,,,,,,,,,https://cdn.dsmcdn.com/ty1245/product/media/images/prod/SPM/PIM/20240407/10/896d4a23-8353-3e64-bb3a-60607bdd3f1a/1_org.jpg,g,,,,,,,,,
modagen-kadin-v-yaka-rahat-kalip-yazlik-elbise,,,,,,,,,Yeşil,,S,,,modagen-kadin-v-yaka-rahat-kalip-yazlik-elbise-Yeşil-S,145,shopify,10,deny,manual,467.05,,TRUE,TRUE,,,,,,,,,,,,,,https://cdn.dsmcdn.com/ty1245/product/media/images/prod/SPM/PIM/20240407/10/896d4a23-8353-3e64-bb3a-60607bdd3f1a/1_org.jpg,g,,,,,,,,,
modagen-kadin-v-yaka-rahat-kalip-yazlik-elbise,,,,,,,,,Yeşil,,M,,,modagen-kadin-v-yaka-rahat-kalip-yazlik-elbise-Yeşil-M,145,shopify,10,deny,manual,467.05,,TRUE,TRUE,,,,,,,,,,,,,,https://cdn.dsmcdn.com/ty1245/product/media/images/prod/SPM/PIM/20240407/10/896d4a23-8353-3e64-bb3a-60607bdd3f1a/1_org.jpg,g,,,,,,,,,
modagen-kadin-v-yaka-rahat-kalip-yazlik-elbise,,,,,,,,,Yeşil,,L,,,modagen-kadin-v-yaka-rahat-kalip-yazlik-elbise-Yeşil-L,145,shopify,10,deny,manual,467.05,,TRUE,TRUE,,,,,,,,,,,,,,https://cdn.dsmcdn.com/ty1245/product/media/images/prod/SPM/PIM/20240407/10/896d4a23-8353-3e64-bb3a-60607bdd3f1a/1_org.jpg,g,,,,,,,,,
modagen-kadin-v-yaka-rahat-kalip-yazlik-elbise,,,,,,,,,Yeşil,,XL,,,modagen-kadin-v-yaka-rahat-kalip-yazlik-elbise-Yeşil-XL,145,shopify,10,deny,manual,467.05,,TRUE,TRUE,,,,,,,,,,,,,,https://cdn.dsmcdn.com/ty1245/product/media/images/prod/SPM/PIM/20240407/10/896d4a23-8353-3e64-bb3a-60607bdd3f1a/1_org.jpg,g,,,,,,,,,
